City_ID,City,Country,Lat,Lng,Max Temp,Humidity,Cloudiness,Wind Speed,Current Description
0,Rikitea,PF,-23.1203,-134.9692,73.71,73,49,20.18,scattered clouds
1,Bredasdorp,ZA,-34.5322,20.0403,55.81,69,0,16.15,clear sky
2,Solton,RU,52.8429,86.4787,58.26,76,13,3.56,few clouds
3,Pisco,PE,-13.7,-76.2167,60.85,82,11,14.97,mist
4,Qaanaaq,GL,77.484,-69.3632,40.5,69,19,3.04,few clouds
5,Vardo,NO,70.3705,31.1107,48.18,87,100,6.91,overcast clouds
6,Airai,TL,-8.9266,125.4092,61.77,52,88,4.23,overcast clouds
7,Ilulissat,GL,69.2167,-51.1,53.62,43,40,11.5,scattered clouds
8,Nara,JP,34.6851,135.8049,89.49,46,20,5.57,few clouds
9,Hilo,US,19.7297,-155.09,85.28,71,20,5.99,few clouds
10,Longyearbyen,SJ,78.2186,15.6401,42.64,81,75,13.8,broken clouds
11,Port Elizabeth,ZA,-33.918,25.5701,64.31,68,0,9.22,clear sky
12,Fortuna,US,40.5982,-124.1573,69.93,77,20,14.97,few clouds
13,Kodiak,US,57.79,-152.4072,63.91,52,0,5.75,clear sky
14,Coxim,BR,-18.5067,-54.76,75.31,29,11,3.29,few clouds
15,Punta Arenas,CL,-53.15,-70.9167,39.31,87,40,16.11,light rain
16,Tsabong,BW,-26.0217,22.401,65.89,26,73,16.15,broken clouds
17,Lorengau,PG,-2.0226,147.2712,82.76,79,56,14.07,broken clouds
18,Bati,ET,11.1833,40.0167,66.22,77,89,5.5,moderate rain
19,Tuatapere,NZ,-46.1333,167.6833,45.36,81,94,3.42,overcast clouds
20,Hermanus,ZA,-34.4187,19.2345,59.81,78,48,19.06,scattered clouds
21,Nouakchott,MR,18.0858,-15.9785,80.53,85,4,20.42,clear sky
22,Hobart,AU,-42.8794,147.3294,46.26,69,40,12.66,scattered clouds
23,Tasiilaq,GL,65.6145,-37.6368,41.16,95,100,3.31,overcast clouds
24,Saskylakh,RU,71.9167,114.0833,60.91,89,100,4.85,overcast clouds
25,Salalah,OM,17.0151,54.0924,77.09,88,75,6.91,broken clouds
26,Natal,BR,-5.795,-35.2094,75.0,84,9,8.66,clear sky
27,Buloh Kasap,MY,2.5536,102.764,76.68,91,68,2.01,broken clouds
28,Victoria,HK,22.2855,114.1577,89.96,81,93,3.0,overcast clouds
29,Bethel,US,41.3712,-73.414,82.15,85,93,4.16,overcast clouds
30,Castro,BR,-24.7911,-50.0119,59.77,67,100,4.85,overcast clouds
31,Cape Town,ZA,-33.9258,18.4232,57.88,81,76,11.01,broken clouds
32,Azare,NG,11.6765,10.1948,73.6,79,86,6.85,overcast clouds
33,Preobrazheniye,RU,42.9019,133.9064,75.04,79,94,6.98,overcast clouds
34,Yellowknife,CA,62.456,-114.3525,58.01,63,97,12.48,overcast clouds
35,Ushuaia,AR,-54.8,-68.3,40.66,75,40,17.27,scattered clouds
36,Provideniya,RU,64.3833,-173.3,50.36,100,75,8.99,fog
37,Mataura,NZ,-46.1927,168.8643,47.48,88,84,3.0,broken clouds
38,Saint-Philippe,RE,-21.3585,55.7679,65.79,82,18,7.02,few clouds
39,Aleksandrovsk-Sakhalinskiy,RU,50.8975,142.1561,67.55,76,94,6.33,overcast clouds
40,Tonk,IN,26.1667,75.7833,80.29,78,99,6.2,overcast clouds
41,Khatanga,RU,71.9667,102.5,67.59,52,31,3.09,scattered clouds
42,Tuktoyaktuk,CA,69.4541,-133.0374,44.6,87,100,12.66,overcast clouds
43,Sentjur,SI,46.2172,15.3975,69.94,78,76,2.95,broken clouds
44,Ribeira Grande,PT,38.5167,-28.7,73.29,79,14,4.16,few clouds
45,Barrow,US,71.2906,-156.7887,33.82,100,100,16.11,overcast clouds
46,Asau,RO,46.4333,26.4,67.28,85,100,2.46,moderate rain
47,Busselton,AU,-33.65,115.3333,57.76,68,87,15.14,overcast clouds
48,East London,ZA,-33.0153,27.9116,68.04,59,9,14.45,clear sky
49,Port Alfred,ZA,-33.5906,26.891,67.17,59,1,1.99,clear sky
50,Bluff,NZ,-46.6,168.3333,47.8,79,88,14.88,overcast clouds
51,Arman,RU,59.7,150.1667,53.02,94,100,5.68,light rain
52,Cairns,AU,-16.9167,145.7667,73.06,56,10,12.66,clear sky
53,Nikolskoye,RU,59.7035,30.7861,57.79,97,38,4.32,scattered clouds
54,Katsina,NG,12.9894,7.6006,73.92,81,96,4.72,overcast clouds
55,Vaini,TO,-21.2,-175.2,80.76,89,40,11.5,scattered clouds
56,Porto Novo,BJ,6.4965,2.6036,76.08,78,100,7.7,overcast clouds
57,Pitimbu,BR,-7.4706,-34.8086,73.99,83,14,9.04,few clouds
58,Atuona,PF,-9.8,-139.0333,76.5,78,35,23.62,light rain
59,Broome,US,42.2506,-75.833,76.08,81,0,3.44,clear sky
60,Edd,ER,13.9297,41.6925,93.63,48,92,6.02,overcast clouds
61,Gigmoto,PH,13.7796,124.39,83.39,79,99,5.23,light rain
62,Pevek,RU,69.7008,170.3133,41.11,75,96,4.5,overcast clouds
63,Sumbe,AO,-11.2061,13.8437,67.84,87,96,6.13,overcast clouds
64,Abu Samrah,SY,35.3029,37.1841,80.22,30,0,6.33,clear sky
65,Shimoda,JP,34.6667,138.95,89.1,75,45,4.36,scattered clouds
66,Ancud,CL,-41.8697,-73.8203,45.23,78,100,4.27,overcast clouds
67,New Norfolk,AU,-42.7826,147.0587,45.9,59,13,6.08,few clouds
68,Jamestown,US,42.097,-79.2353,76.95,45,20,9.22,few clouds
69,Leningradskiy,RU,69.3833,178.4167,42.8,74,98,8.39,overcast clouds
70,Cayenne,GF,4.9333,-52.3333,76.08,1,100,9.22,overcast clouds
71,Kaka,TM,37.3482,59.6143,84.15,23,11,2.84,few clouds
72,Isiro,CD,2.7739,27.616,66.11,98,100,1.86,light rain
73,Suruc,TR,36.9761,38.425,85.01,26,0,8.68,clear sky
74,Torbay,CA,47.6666,-52.7314,55.76,90,95,11.01,overcast clouds
75,Asfi,MA,32.2994,-9.2372,70.23,90,0,13.42,clear sky
76,Shellbrook,CA,53.2168,-106.4011,76.91,45,6,6.89,clear sky
77,Ostrovnoy,RU,68.0531,39.5131,50.34,89,87,13.24,overcast clouds
78,Katsuura,JP,35.1333,140.3,83.62,78,64,9.91,broken clouds
79,Butaritari,KI,3.0707,172.7902,81.86,72,57,15.75,broken clouds
80,Sao Paulo De Olivenca,BR,-3.3783,-68.8725,74.46,91,82,1.88,broken clouds
81,Atar,MR,20.5169,-13.0499,95.54,28,0,8.66,clear sky
82,Olutanga,PH,7.3106,122.8464,83.21,70,100,2.93,light rain
83,Dutse,NG,11.7594,9.3392,74.28,76,91,7.45,overcast clouds
84,Kaeo,NZ,-35.1,173.7833,65.32,79,21,8.59,few clouds
85,Kapaa,US,22.0752,-159.319,87.78,71,40,9.22,scattered clouds
86,Nanortalik,GL,60.1432,-45.2371,43.74,88,56,4.5,broken clouds
87,Sile,TR,41.1754,29.6133,74.57,74,0,4.0,clear sky
88,Kumano,JP,34.3442,132.5894,85.12,75,0,4.41,clear sky
89,Praia Da Vitoria,PT,38.7333,-27.0667,70.75,81,14,3.58,few clouds
90,Chuy,UY,-33.6971,-53.4616,48.11,78,83,14.67,broken clouds
91,Evanston,US,42.0411,-87.6901,79.05,51,75,10.36,broken clouds
92,Touros,BR,-5.1989,-35.4608,75.63,83,12,11.86,few clouds
93,Lusambo,CD,-4.9667,23.45,68.49,49,42,0.13,scattered clouds
94,Meulaboh,ID,4.1363,96.1285,74.73,95,99,3.69,light rain
95,Klaksvik,FO,62.2266,-6.589,52.72,90,97,15.88,overcast clouds
96,Rio Gallegos,AR,-51.6226,-69.2181,41.05,75,0,28.77,clear sky
97,Kangaatsiaq,GL,68.3065,-53.4641,40.89,87,100,4.09,overcast clouds
98,Harper,LR,4.375,-7.7169,74.1,77,80,9.06,broken clouds
99,Port Stanley,FK,-51.7,-57.85,41.29,80,100,25.86,overcast clouds
100,Dromolaxia,CY,34.8761,33.586,83.98,69,0,5.75,clear sky
101,San Quintin,MX,30.4833,-115.95,72.37,70,19,11.41,few clouds
102,Tual,ID,-5.6667,132.75,78.42,87,78,21.3,broken clouds
103,Narsaq,GL,60.9167,-46.05,52.02,71,33,3.13,scattered clouds
104,Arraial Do Cabo,BR,-22.9661,-42.0278,71.44,82,17,26.13,few clouds
105,Upernavik,GL,72.7868,-56.1549,43.2,71,100,6.26,overcast clouds
106,Albany,US,42.6001,-73.9662,79.57,75,74,8.84,broken clouds
107,Makow Mazowiecki,PL,52.8649,21.1005,55.71,92,30,5.12,scattered clouds
108,Iquique,CL,-20.2208,-70.1431,59.04,80,23,5.37,few clouds
109,Saint-Francois,FR,46.4154,3.9054,63.84,72,0,3.44,clear sky
110,Kashi,CN,39.4547,75.9797,87.19,18,71,10.6,broken clouds
111,Alexandria,EG,31.2156,29.9553,79.86,66,0,6.2,clear sky
112,Bandiagara,ML,14.3501,-3.6104,78.35,64,95,9.06,light rain
113,Krasnovishersk,RU,60.4078,57.082,54.14,80,5,2.26,clear sky
114,Chokurdakh,RU,70.6333,147.9167,57.02,34,100,13.82,overcast clouds
115,Half Moon Bay,US,37.4636,-122.4286,77.86,72,100,19.57,mist
116,Cabo San Lucas,MX,22.8909,-109.9124,93.61,55,40,13.8,scattered clouds
117,Uzunovo,RU,54.5386,38.6173,62.65,96,99,11.03,overcast clouds
118,Lebu,CL,-37.6167,-73.65,48.72,86,0,16.87,clear sky
119,Wavre,BE,50.7333,4.6,65.39,59,100,5.75,overcast clouds
120,Georgetown,MY,5.4112,100.3354,81.9,84,40,0.0,scattered clouds
121,Vila Velha,BR,-20.3297,-40.2925,71.94,82,0,5.99,clear sky
122,Mantua,IT,45.1667,10.7833,74.08,77,74,3.0,broken clouds
123,Havelock,US,34.8791,-76.9013,85.98,86,97,7.0,overcast clouds
124,Wanlaweyn,SO,2.6185,44.8938,72.41,85,12,11.52,few clouds
125,Sitka,US,57.0531,-135.33,58.89,88,100,8.05,light rain
126,Krasnoselkup,RU,65.7,82.4667,56.5,72,0,8.79,clear sky
127,Hadejia,NG,12.4498,10.0444,76.84,71,100,7.45,overcast clouds
128,Cap Malheureux,MU,-19.9842,57.6142,69.48,74,1,1.99,clear sky
129,Codrington,AU,-38.2667,141.9667,49.71,71,22,0.38,few clouds
130,San Carlos De Bariloche,AR,-41.1456,-71.3082,30.36,92,78,6.58,broken clouds
131,Palmas De Monte Alto,BR,-14.2672,-43.1619,70.56,54,0,6.87,clear sky
132,Inirida,CO,3.8653,-67.9239,73.4,95,95,2.8,overcast clouds
133,Hofn,IS,64.2539,-15.2082,51.76,91,100,2.44,overcast clouds
134,Kaitangata,NZ,-46.2817,169.8464,45.68,82,75,9.53,broken clouds
135,Greve Strand,DK,55.5834,12.2999,56.23,88,36,5.75,scattered clouds
136,Sao Filipe,CV,14.8961,-24.4956,79.41,73,11,15.43,few clouds
137,Esso,RU,55.9333,158.7,56.88,68,98,4.83,overcast clouds
138,Jiangyou,CN,31.7667,104.7167,77.92,78,0,3.24,clear sky
139,Thompson,CA,55.7435,-97.8558,77.36,28,67,2.95,broken clouds
140,Cherskiy,RU,68.75,161.3,60.85,37,6,4.05,clear sky
141,Alta Floresta,BR,-9.8756,-56.0861,73.51,36,5,1.68,clear sky
142,Thinadhoo,MV,0.5333,72.9333,81.93,74,79,12.68,broken clouds
143,Tateyama,JP,34.9833,139.8667,85.1,82,36,9.46,scattered clouds
144,Mala,PE,-12.6581,-76.6308,61.18,84,25,1.43,scattered clouds
145,Sumter,US,28.7086,-82.0831,89.2,69,70,8.41,broken clouds
146,Calabozo,VE,8.9242,-67.4293,74.62,93,50,2.24,scattered clouds
147,Vrangel,RU,42.7297,133.0839,72.37,88,100,3.76,overcast clouds
148,Matamba,TZ,-8.9833,33.9667,47.84,89,29,4.79,scattered clouds
149,Baykit,RU,61.67,96.37,64.81,95,100,4.83,overcast clouds
150,Esperance,AU,-33.8667,121.9,58.64,80,51,14.63,broken clouds
151,Floresti,MD,47.8933,28.3014,68.16,53,99,3.71,overcast clouds
152,Burnie,AU,-41.0667,145.9167,41.94,72,5,7.61,clear sky
153,Luderitz,NA,-26.6481,15.1594,52.93,87,67,2.77,broken clouds
154,Hun,LY,29.1268,15.9477,83.1,31,0,6.96,clear sky
155,Tura,IN,25.5198,90.2201,74.3,94,63,2.68,light rain
156,Sola,VU,-13.8833,167.55,79.9,79,55,13.85,broken clouds
157,High Level,CA,58.5169,-117.136,77.11,61,75,11.5,light intensity shower rain
158,Tevaitoa,PF,-16.7833,-151.5,79.11,74,2,23.02,clear sky
159,Carndonagh,IE,55.25,-7.2667,54.45,91,61,4.07,broken clouds
160,High Rock,BS,26.6208,-78.2833,83.95,72,20,15.68,few clouds
161,Otukpo,NG,7.1913,8.1329,69.82,98,100,4.09,overcast clouds
162,Pokhara,NP,28.2333,83.9833,71.19,84,99,2.08,overcast clouds
163,Wundanyi,KE,-3.4019,38.364,57.42,87,49,5.88,scattered clouds
164,Lagoa,PT,39.05,-27.9833,71.83,77,1,3.31,clear sky
165,Muros,ES,42.7762,-9.0603,66.09,84,1,4.56,clear sky
166,Nikolo-Pavlovskoye,RU,57.7831,60.0578,50.95,93,79,4.79,broken clouds
167,Port Lincoln,AU,-34.7333,135.8667,54.66,83,100,13.8,overcast clouds
168,Kloulklubed,PW,7.0419,134.2556,82.9,75,88,10.54,overcast clouds
169,Mar Del Plata,AR,-38.0023,-57.5575,48.09,91,100,18.01,overcast clouds
170,Mecca,SA,21.4267,39.8261,90.0,30,86,3.31,overcast clouds
171,Uri,IN,34.0833,74.0333,70.34,98,93,1.77,overcast clouds
172,Saint George,US,37.1041,-113.5841,97.39,31,0,10.36,clear sky
173,Soma,TR,39.1855,27.6094,66.92,86,0,8.14,clear sky
174,Aksu,CN,41.1231,80.2644,81.3,35,75,4.45,broken clouds
175,Atambua,ID,-9.1061,124.8925,73.2,62,81,5.97,broken clouds
176,Taltal,CL,-25.4,-70.4833,59.31,79,85,2.26,overcast clouds
177,Cascais,PT,38.6979,-9.4215,69.48,73,0,25.01,clear sky
178,Avarua,CK,-21.2078,-159.775,78.85,73,75,24.16,broken clouds
179,Caravelas,BR,-17.7125,-39.2481,69.49,82,2,7.11,clear sky
180,Polis,CY,35.0367,32.4264,75.02,53,0,2.73,clear sky
181,Mahebourg,MU,-20.4081,57.7,69.26,78,6,10.67,clear sky
182,Hithadhoo,MV,-0.6,73.0833,81.41,74,98,13.8,overcast clouds
183,Atbasar,KZ,51.8,68.3333,62.73,89,100,7.56,overcast clouds
184,Saldanha,ZA,-33.0117,17.9442,56.73,82,56,17.72,broken clouds
185,Axim,GH,4.8699,-2.2405,75.33,77,73,11.72,broken clouds
186,Chapais,CA,49.7834,-74.8492,64.18,90,83,4.74,broken clouds
187,Pochutla,MX,15.7432,-96.4661,84.81,79,75,2.06,broken clouds
188,Port Blair,IN,11.6667,92.75,81.21,80,45,3.18,scattered clouds
189,Faanui,PF,-16.4833,-151.75,79.29,73,6,22.19,clear sky
190,Waitati,NZ,-45.75,170.5667,47.8,68,70,6.6,broken clouds
191,Husavik,IS,66.0449,-17.3389,49.57,84,46,4.41,scattered clouds
192,Trelleborg,SE,55.3751,13.1569,55.35,74,30,4.74,scattered clouds
193,Sale,MA,34.0389,-6.8166,72.75,100,20,3.44,few clouds
194,Hami,CN,42.8,93.45,87.33,13,94,10.76,overcast clouds
195,Hasaki,JP,35.7333,140.8333,86.4,78,35,12.17,scattered clouds
196,Ponta Delgada,PT,37.7333,-25.6667,72.32,78,75,4.61,broken clouds
197,Margate,GB,51.3813,1.3862,63.7,79,73,1.99,broken clouds
198,Areosa,PT,41.7178,-8.8571,62.67,92,0,10.85,clear sky
199,Tabas,IR,33.5959,56.9244,90.79,22,66,2.37,broken clouds
200,Port Shepstone,ZA,-30.7414,30.455,63.36,86,70,8.39,broken clouds
201,Norman Wells,CA,65.282,-126.8329,63.66,48,71,4.03,broken clouds
202,Morondava,MG,-20.2833,44.2833,68.54,77,0,4.0,clear sky
203,Terney,RU,45.0503,136.6092,77.11,78,92,4.76,overcast clouds
204,Daura,NG,11.5538,11.4085,74.53,79,75,7.02,broken clouds
205,Vila Franca Do Campo,PT,37.7167,-25.4333,72.01,89,11,3.29,few clouds
206,Kirakira,SB,-10.4544,161.9205,82.31,77,58,8.21,broken clouds
207,Berlevag,NO,70.8578,29.0864,48.2,87,100,10.36,light intensity drizzle
208,Jining,CN,35.405,116.5814,79.0,1,8,2.53,clear sky
209,Nipawin,CA,53.3668,-104.0009,73.62,51,14,8.03,few clouds
210,Olafsvik,IS,64.8945,-23.7142,44.91,76,90,16.13,overcast clouds
211,Taoudenni,ML,22.6783,-3.9836,105.17,13,76,7.9,broken clouds
212,Valparaiso,CL,-33.0393,-71.6273,58.64,71,0,2.3,clear sky
213,Pimentel,PE,-6.8367,-79.9342,62.73,85,24,14.27,few clouds
214,Gimli,CA,50.6336,-96.9907,68.59,64,44,9.89,scattered clouds
215,Grindavik,IS,63.8424,-22.4338,46.87,93,100,12.66,overcast clouds
216,Takab,IR,36.4009,47.1133,68.27,65,0,4.5,clear sky
217,Ekibastuz,KZ,51.6667,75.3667,70.09,58,42,4.38,scattered clouds
218,Cururupu,BR,-1.8283,-44.8683,74.52,90,25,3.31,scattered clouds
219,Mocajuba,BR,-2.5842,-49.5072,79.86,58,54,2.84,broken clouds
220,Bilibino,RU,68.0546,166.4372,57.49,42,20,11.7,few clouds
221,Esmeralda,CU,21.8525,-78.1169,78.78,80,7,10.78,clear sky
222,Muchkapskiy,RU,51.8513,42.4717,66.72,77,62,6.53,broken clouds
223,Lata,PT,40.1629,-8.3327,58.19,98,2,2.98,clear sky
224,Bathsheba,BB,13.2167,-59.5167,81.21,85,40,13.8,scattered clouds
225,Rawson,AR,-43.3002,-65.1023,49.05,55,3,23.13,clear sky
226,Severo-Kurilsk,RU,50.6789,156.125,55.45,87,86,9.04,overcast clouds
227,Kieta,PG,-6.2167,155.6333,81.57,77,55,3.27,moderate rain
228,Dingle,PH,10.9995,122.6711,82.71,81,100,8.84,overcast clouds
229,Alofi,NU,-19.0595,-169.9187,76.91,79,38,21.14,scattered clouds
230,Hastings,GB,50.8552,0.5729,62.92,83,42,10.96,scattered clouds
231,Port Hardy,CA,50.6996,-127.4199,73.58,64,0,9.22,clear sky
232,Souillac,MU,-20.5167,57.5167,68.14,82,4,9.78,clear sky
233,Bac Lieu,VN,9.285,105.7244,81.88,81,16,6.49,few clouds
234,Vallenar,CL,-28.5708,-70.7581,62.4,51,87,2.1,overcast clouds
235,Barra Do Bugres,BR,-15.0725,-57.1811,74.61,32,36,3.09,scattered clouds
236,Honiara,SB,-9.4333,159.95,86.58,61,45,7.34,scattered clouds
237,Yenagoa,NG,4.9247,6.2642,72.73,95,100,4.0,overcast clouds
238,Novooleksiyivka,UA,46.2269,34.6428,74.88,61,3,3.42,clear sky
239,Guerrero Negro,MX,27.9769,-114.0611,75.13,64,24,15.93,few clouds
240,Urumqi,CN,43.801,87.6005,76.15,36,0,6.71,light rain
241,Tarrafal,CV,15.2833,-23.7667,83.19,83,4,14.41,clear sky
242,Vostok,RU,46.4856,135.8833,78.28,69,100,1.63,overcast clouds
243,San Carlos Del Zulia,VE,9.0,-71.9135,74.73,91,86,8.37,overcast clouds
244,Soyo,AO,-6.1349,12.3689,69.53,88,46,5.03,scattered clouds
245,Arshan,RU,46.2732,44.22,73.78,53,0,6.71,clear sky
246,Dikson,RU,73.5069,80.5464,44.01,100,100,17.18,overcast clouds
247,Bengkulu,ID,-3.8004,102.2655,75.52,86,95,4.23,overcast clouds
248,Talnakh,RU,69.4865,88.3972,56.21,63,1,9.86,clear sky
249,Humaita,BR,-7.5061,-63.0208,78.28,40,0,1.28,clear sky
250,Vitim,RU,59.4511,112.5578,66.06,85,98,6.2,overcast clouds
251,Batangafo,CF,7.3008,18.2833,68.83,99,99,3.56,overcast clouds
252,Puerto Colombia,CO,10.9878,-74.9547,78.89,87,100,5.46,overcast clouds
253,Carnarvon,AU,-24.8667,113.6333,70.5,58,98,3.11,overcast clouds
254,Finnsnes,NO,69.2296,17.9811,47.01,88,58,3.6,light rain
255,Maceio,BR,-9.6658,-35.7353,73.96,87,20,4.68,few clouds
256,Gandajika,CD,-6.75,23.95,71.22,37,81,4.83,broken clouds
257,Bambous Virieux,MU,-20.3428,57.7575,69.22,76,9,11.36,clear sky
258,Dzaoudzi,YT,-12.7887,45.2699,69.69,94,0,3.44,clear sky
259,Samarinda,ID,-0.5,117.15,76.44,94,95,2.33,overcast clouds
260,Kefamenanu,ID,-9.4467,124.4781,72.19,67,91,8.95,overcast clouds
261,Mpika,ZM,-11.8343,31.4529,52.29,67,35,8.34,scattered clouds
262,Buala,SB,-8.145,159.5921,84.56,69,51,10.04,light rain
263,Broken Hill,AU,-31.95,141.4333,50.5,42,100,8.1,overcast clouds
264,Sao Joao Da Barra,BR,-21.6403,-41.0511,72.1,84,21,21.77,few clouds
265,Kavaratti,IN,10.5669,72.642,81.28,81,100,17.36,overcast clouds
266,San Cristobal,VE,7.7669,-72.225,66.25,98,88,1.79,overcast clouds
267,Moerai,PF,-22.4333,-151.3333,73.22,81,81,25.08,light rain
268,Oranjemund,NA,-28.55,16.4333,56.57,73,74,8.95,broken clouds
269,Lianran,CN,24.9227,102.485,64.62,92,24,0.78,few clouds
270,Korem,ET,12.5058,39.5228,57.79,77,100,5.46,light rain
271,Ust-Karsk,RU,52.7011,118.8077,67.12,61,3,4.54,clear sky
272,Yulara,AU,-25.2406,130.9889,53.4,30,86,11.79,overcast clouds
273,Karpathos,GR,35.507,27.2132,75.16,78,0,20.71,clear sky
274,Ixtapa,MX,20.7,-105.2,85.23,66,75,9.22,broken clouds
275,Salisbury,GB,51.0693,-1.7957,61.02,71,75,2.3,broken clouds
276,Tigil,RU,57.8,158.6667,59.85,49,81,7.25,broken clouds
277,Gushikawa,JP,26.3544,127.8686,87.03,79,20,9.22,few clouds
278,Sarmanovo,RU,55.2553,52.5891,59.68,85,99,3.47,overcast clouds
279,Aracati,BR,-4.5617,-37.7697,79.34,80,63,14.03,broken clouds
280,Ngorongoro,TZ,-3.2397,35.4875,46.71,91,26,6.08,scattered clouds
281,Jeremie,HT,18.65,-74.1167,80.28,76,59,3.71,broken clouds
282,Verkhoyansk,RU,67.5447,133.385,82.26,39,67,2.3,broken clouds
283,Buarcos,PT,40.166,-8.8768,67.66,91,0,13.04,clear sky
284,Hutchinson,US,38.0608,-97.9298,83.52,65,0,5.75,clear sky
285,Nesna,NO,66.1967,13.0213,52.66,74,63,4.83,broken clouds
286,Chingirlau,KZ,51.095,54.0814,70.41,68,43,5.86,scattered clouds
287,Tambo Grande,PE,-4.9269,-80.3447,78.28,48,2,14.36,clear sky
288,Farafenni,GM,13.5667,-15.6,78.69,84,61,9.66,broken clouds
289,San Lorenzo De El Escorial,ES,40.5914,-4.1474,78.98,37,3,5.39,clear sky
290,Altay,CN,47.8667,88.1167,69.69,39,18,4.09,few clouds
291,Sabang,ID,5.8933,95.3214,80.38,80,100,19.66,overcast clouds
292,Jaguey Grande,CU,22.5269,-81.1286,83.52,64,1,11.86,clear sky
293,Dzhida,RU,50.6772,106.1806,60.91,69,29,2.71,scattered clouds
294,Bardiyah,LY,31.7561,25.0865,77.16,82,0,9.6,clear sky
295,Raudeberg,NO,61.9875,5.1352,54.27,76,71,3.71,broken clouds
296,San Patricio,US,28.017,-97.5169,92.12,58,46,17.29,scattered clouds
297,Bousso,TD,10.4795,16.7117,74.01,90,88,5.64,overcast clouds
298,Sanming,CN,26.2486,117.6186,82.29,78,79,0.22,broken clouds
299,Kuopio,FI,62.8924,27.677,57.15,82,20,10.36,few clouds
300,Puerto Leguizamo,CO,-0.1934,-74.7819,70.45,94,94,2.95,overcast clouds
301,Mogadishu,SO,2.0371,45.3438,75.54,85,42,16.37,light rain
302,Guaruja,BR,-23.9931,-46.2564,74.84,69,71,3.0,broken clouds
303,Lindsay,US,36.203,-119.0882,101.77,21,0,6.91,clear sky
304,Cusuna,HN,15.85,-85.2333,80.51,78,69,9.69,broken clouds
305,Barysh,RU,53.6553,47.1123,62.37,83,8,3.13,clear sky
306,Portland,US,45.5234,-122.6762,100.94,43,20,10.36,few clouds
307,Norilsk,RU,69.3535,88.2027,56.43,68,2,7.87,clear sky
308,Two Rivers,US,44.1539,-87.5693,73.89,49,0,11.5,clear sky
309,Porciuncula,BR,-20.9628,-42.0408,66.7,57,5,6.17,clear sky
310,Padang,ID,-0.9492,100.3543,73.45,85,99,4.97,light rain
311,Elizabeth City,US,36.2946,-76.2511,91.42,73,0,5.75,clear sky
312,Ayia Marina,GR,37.75,23.5333,82.98,60,0,14.99,clear sky
313,Aguimes,ES,27.9054,-15.4461,70.66,73,20,28.77,few clouds
314,Santa Isabel Do Rio Negro,BR,-0.4139,-65.0192,79.02,74,47,2.04,scattered clouds
315,Anadyr,RU,64.75,177.4833,50.5,93,40,15.66,fog
316,Belmonte,BR,-15.8631,-38.8828,70.48,81,1,5.84,clear sky
317,Pecos,US,31.4229,-103.4932,99.43,22,0,13.8,clear sky
318,Deputatskiy,RU,69.3,139.9,46.62,78,100,5.35,moderate rain
319,Karratha,AU,-20.7377,116.8463,69.22,48,2,9.53,light rain
320,Ondjiva,AO,-17.0667,15.7333,58.87,32,60,5.93,broken clouds
321,Rurrenabaque,BO,-14.4413,-67.5278,76.39,58,11,1.12,few clouds
322,Marigot,MF,18.0667,-63.0833,82.74,69,40,9.22,scattered clouds
323,Tazmalt,DZ,36.3868,4.3989,80.67,44,0,2.95,clear sky
324,Albertville,US,34.2676,-86.2089,89.49,55,40,9.22,scattered clouds
325,Molina,CL,-35.1167,-71.2833,49.73,76,0,4.61,clear sky
326,Puerto Escondido,MX,15.85,-97.0667,82.15,82,48,5.3,scattered clouds
327,Puerto Ayora,EC,-0.7393,-90.3518,70.56,93,87,7.0,overcast clouds
328,Mansfield,GB,53.1333,-1.2,63.3,67,98,3.0,overcast clouds
329,Marabba,SD,12.35,32.1833,77.65,76,100,8.72,overcast clouds
330,Mumbwa,ZM,-14.9783,27.0619,55.2,56,5,4.14,clear sky
331,Kavieng,PG,-2.5744,150.7967,84.51,71,96,17.11,overcast clouds
332,Qaqortoq,GL,60.7167,-46.0333,44.94,80,27,5.14,scattered clouds
333,Bonavista,CA,48.6499,-53.1147,53.08,87,83,15.64,broken clouds
334,Channel-Port Aux Basques,CA,47.5702,-59.1367,63.59,84,45,1.9,scattered clouds
335,Lasa,IT,46.6166,10.7002,63.48,91,98,2.89,overcast clouds
336,Tikapur,NP,28.5,81.1333,78.84,85,94,3.27,overcast clouds
337,Banjar,ID,-8.19,114.9675,78.39,75,87,3.33,overcast clouds
338,North Bend,US,43.4065,-124.2243,81.25,81,0,13.8,clear sky
339,Labuhan,ID,-6.8844,112.2051,77.27,81,85,7.25,overcast clouds
340,Bambanglipuro,ID,-7.95,110.2833,74.89,87,88,5.93,overcast clouds
341,Yar-Sale,RU,66.8333,70.8333,62.4,66,86,7.45,overcast clouds
342,Araceli,PH,10.5529,119.9913,83.07,77,100,4.47,overcast clouds
343,Henties Bay,NA,-22.116,14.2845,52.86,91,13,5.17,few clouds
344,Camocim,BR,-2.9022,-40.8411,76.78,81,36,8.72,scattered clouds
345,Gambo,CF,4.6482,22.2633,67.66,99,100,1.59,overcast clouds
346,Aras,ES,42.5617,-2.356,64.81,49,0,6.91,clear sky
347,Palu,ID,-0.8917,119.8707,79.83,88,39,2.04,scattered clouds
348,Mayumba,GA,-3.432,10.6554,68.83,92,76,1.81,broken clouds
349,Khanpur,PK,28.6453,70.6567,84.94,71,98,14.79,overcast clouds
350,Kropotkin,RU,45.4375,40.5756,70.43,52,0,0.63,clear sky
351,Ailigandi,PA,9.2333,-78.0167,76.8,88,100,3.71,overcast clouds
352,Jalu,LY,29.0331,21.5482,85.33,36,0,16.93,clear sky
353,Flinders,AU,-34.5833,150.8552,56.17,52,34,8.99,scattered clouds
354,Viedma,AR,-40.8135,-62.9967,47.1,55,19,9.57,few clouds
355,Ostersund,SE,63.1792,14.6357,46.85,87,15,4.61,few clouds
356,Zhanakorgan,KZ,43.9098,67.2495,77.23,38,1,3.65,clear sky
357,Bage,BR,-31.3314,-54.1069,49.78,87,0,14.97,clear sky
358,Lambarene,GA,-0.7001,10.2406,69.98,89,97,3.62,overcast clouds
359,Belle Glade,US,26.6845,-80.6676,85.05,67,57,10.13,broken clouds
360,Rio Grande,BR,-32.035,-52.0986,53.71,86,100,19.1,overcast clouds
361,Solyanka,RU,46.3889,48.0176,69.75,88,0,4.47,clear sky
362,Mount Gambier,AU,-37.8333,140.7667,46.92,77,17,3.36,few clouds
363,Nowy Sacz,PL,49.6218,20.6971,63.12,84,32,3.09,scattered clouds
364,Avera,US,33.194,-82.5271,89.11,58,100,5.77,overcast clouds
365,Richards Bay,ZA,-28.783,32.0377,65.01,84,3,15.68,clear sky
366,Bondoukou,CI,8.0333,-2.8,71.67,88,86,6.82,overcast clouds
367,Erenhot,CN,43.6475,111.9767,82.0,27,94,14.29,overcast clouds
368,Yumen,CN,40.2833,97.2,78.49,12,67,3.87,broken clouds
369,Turan,VN,16.0678,108.2208,84.18,74,0,2.3,clear sky
370,Uvalde,US,29.3669,-99.767,98.13,31,40,14.97,scattered clouds
371,Pangnirtung,CA,66.1451,-65.7125,54.3,64,47,4.5,scattered clouds
372,Karwar,IN,14.8,74.1333,77.58,91,63,7.31,broken clouds
373,West Bay,KY,19.3667,-81.4167,83.07,77,40,1.14,scattered clouds
374,Srednekolymsk,RU,67.45,153.6833,64.38,34,2,9.75,clear sky
375,Naze,JP,28.3667,129.4833,83.32,84,33,15.41,moderate rain
376,Jacareacanga,BR,-6.2222,-57.7528,77.13,48,5,1.05,clear sky
377,Leira,ES,43.1167,-8.4,62.08,88,12,1.57,few clouds
378,Otta,NO,61.7712,9.5353,52.05,75,76,4.34,broken clouds
379,Port Hedland,AU,-20.3167,118.5667,68.05,30,0,9.22,clear sky
380,Ararat,AM,39.8317,44.7049,79.14,52,0,3.04,clear sky
381,Ambulu,ID,-8.345,113.6058,75.09,79,100,3.36,overcast clouds
382,Disraeli,CA,45.9001,-71.3491,66.22,92,87,3.4,light rain
383,Ngunguru,NZ,-35.6167,174.5,60.4,59,9,11.48,clear sky
384,Graciano Sanchez,MX,23.9167,-99.2833,92.35,48,42,17.63,scattered clouds
385,Nishihara,JP,26.1842,127.7558,87.08,74,40,10.36,scattered clouds
386,Bend,US,44.0582,-121.3153,103.28,13,0,11.5,clear sky
387,Taseyevo,RU,57.2169,94.8978,61.92,90,98,4.12,overcast clouds
388,Nelson Bay,AU,-32.7167,152.15,60.01,64,47,11.01,scattered clouds
389,Iqaluit,CA,63.7506,-68.5145,55.13,58,75,0.0,broken clouds
390,Pedregal,PA,8.3667,-82.4333,77.09,94,75,2.3,broken clouds
391,Khandyga,RU,62.6667,135.6,79.75,48,28,1.9,scattered clouds
392,Vernon,CA,50.2581,-119.2691,101.23,22,29,4.14,scattered clouds
393,Jati,PK,24.3539,68.2671,80.46,83,79,12.15,broken clouds
394,Marsh Harbour,BS,26.5412,-77.0636,82.92,74,25,14.54,scattered clouds
395,Virginia Beach,US,36.8529,-75.978,92.01,65,75,8.05,broken clouds
396,Uige,AO,-7.6087,15.0613,60.67,83,78,2.26,broken clouds
397,Morehead,US,37.2711,-87.1764,80.78,94,75,0.0,broken clouds
398,Sisimiut,GL,66.9395,-53.6735,43.65,82,100,6.08,overcast clouds
399,La Libertad,EC,-2.2333,-80.9,69.6,86,41,8.19,scattered clouds
400,Timra,SE,62.487,17.3257,53.67,76,0,9.22,clear sky
401,Fare,PF,-16.7,-151.0167,78.75,74,0,21.61,light rain
402,Alikalia,SL,9.1667,-11.4,68.95,99,97,4.38,light rain
403,Aswan,EG,24.0934,32.907,89.65,18,75,6.58,broken clouds
404,Quatre Cocos,MU,-20.2078,57.7625,69.1,78,11,11.56,few clouds
405,Gramoteino,RU,54.5368,86.3839,59.85,81,93,2.64,overcast clouds
406,Pacific Grove,US,36.6177,-121.9166,81.25,83,40,14.97,scattered clouds
407,Omboue,GA,-1.5746,9.2618,70.9,87,83,6.6,broken clouds
408,La Palma Del Condado,ES,37.3861,-6.5523,80.22,45,0,8.19,clear sky
409,Itarema,BR,-2.9248,-39.9167,79.0,75,72,13.27,broken clouds
410,Biltine,TD,14.5333,20.9167,80.04,67,34,12.26,scattered clouds
411,Medea,DZ,36.2642,2.7539,75.18,53,0,4.43,clear sky
412,Jiuquan,CN,39.7432,98.5174,79.41,14,28,5.61,scattered clouds
413,Constitucion,CL,-35.3333,-72.4167,51.3,74,0,7.74,clear sky
414,Langxiang,CN,46.95,128.8833,75.83,92,98,2.39,overcast clouds
415,Camana,PE,-16.6228,-72.7111,61.2,83,53,10.58,broken clouds
416,Nacala,MZ,-14.5428,40.6728,66.69,82,67,8.12,broken clouds
417,Biak,ID,-0.9131,122.8766,73.78,96,99,6.6,moderate rain
418,Xining,CN,36.6167,101.7667,60.12,57,81,1.95,broken clouds
419,Lompoc,US,34.6391,-120.4579,84.78,76,0,18.41,mist
420,Praxedis Guerrero,MX,31.3667,-106.0167,94.46,34,8,17.72,clear sky
421,Fairbanks,US,64.8378,-147.7164,65.01,51,40,8.05,light rain
422,Wagar,SD,16.1525,36.2032,79.75,67,100,15.01,overcast clouds
423,Victoria Point,AU,-27.5833,153.3,66.18,68,0,3.0,clear sky
424,Tongliao,CN,43.6125,122.2653,69.22,94,100,6.89,light rain
425,Yatou,CN,37.15,122.3833,81.21,80,34,11.65,scattered clouds
426,Kidal,ML,18.4411,1.4078,82.58,51,95,18.1,overcast clouds
427,Bukama,CD,-9.2,25.85,69.03,40,80,2.1,broken clouds
428,Coihaique,CL,-45.5752,-72.0662,43.41,75,100,10.36,overcast clouds
429,Uvira,CD,-3.4067,29.1458,74.98,73,95,0.29,overcast clouds
430,Saint Anthony,US,45.0205,-93.218,75.13,51,20,18.41,few clouds
431,Antofagasta,CL,-23.65,-70.4,56.48,85,62,7.0,broken clouds
432,Mitzic,GA,0.7821,11.549,66.25,98,100,3.47,overcast clouds
433,Biharamulo,TZ,-2.6319,31.3089,64.71,60,49,1.54,scattered clouds
434,Yabassi,CM,4.457,9.9682,71.64,98,100,1.03,light rain
435,Sechura,PE,-5.5569,-80.8222,65.75,73,10,16.62,clear sky
436,Roebourne,AU,-20.7833,117.1333,69.04,44,14,10.27,light rain
437,Lensk,RU,60.7253,114.9278,72.64,79,97,2.24,overcast clouds
438,Malmesbury,ZA,-33.4608,18.7271,55.78,87,80,13.15,light rain
439,Derzhavinsk,KZ,51.1,66.3167,60.48,89,79,13.29,broken clouds
440,Birao,CF,10.2849,22.7882,69.3,96,100,1.88,overcast clouds
441,Denpasar,ID,-8.65,115.2167,78.46,88,75,11.5,broken clouds
442,Agadez,NE,19.75,10.25,89.87,22,97,5.12,overcast clouds
443,Harbour Breton,CA,47.4833,-55.7983,62.76,86,88,11.36,overcast clouds
444,Great Malvern,GB,52.1116,-2.3252,63.37,75,99,4.03,overcast clouds
445,Talara,PE,-4.5772,-81.2719,65.16,88,0,11.5,clear sky
446,Byron Bay,AU,-28.65,153.6167,61.72,62,1,2.82,clear sky
447,Hibbing,US,47.4272,-92.9377,65.62,72,40,16.11,scattered clouds
448,Haines Junction,CA,60.7522,-137.5108,66.15,45,89,3.44,overcast clouds
449,Te Anau,NZ,-45.4167,167.7167,45.19,81,85,4.07,overcast clouds
450,Fort Nelson,CA,58.8053,-122.7002,66.27,65,99,6.87,overcast clouds
451,Hualmay,PE,-11.0964,-77.6139,61.47,80,21,11.43,few clouds
452,Sipovo,BA,44.2814,17.0839,62.28,78,2,3.36,clear sky
453,Havoysund,NO,70.9963,24.6622,48.43,85,72,11.81,broken clouds
454,Dagua,CO,3.6569,-76.6886,70.3,98,90,3.13,overcast clouds
455,Tiksi,RU,71.6872,128.8694,52.86,88,97,6.69,overcast clouds
456,Big Rapids,US,43.6981,-85.4837,73.47,53,0,8.05,clear sky
457,Road Town,VG,18.4167,-64.6167,80.69,78,20,6.91,few clouds
458,Skjervoy,NO,70.0311,20.9714,48.2,76,86,4.0,overcast clouds
459,Sheffield,GB,53.383,-1.4659,63.14,68,99,5.23,overcast clouds
460,Lodwar,KE,3.1191,35.5973,79.34,49,87,13.47,overcast clouds
461,Bikaner,IN,28.0167,73.3,83.44,73,94,14.27,overcast clouds
462,Nizwa,OM,22.9333,57.5333,78.46,77,92,4.74,overcast clouds
463,Geraldton,AU,-28.7667,114.6,59.41,94,100,6.91,light rain
464,Dicabisagan,PH,17.0818,122.4157,82.08,81,100,3.62,overcast clouds
465,Glendive,US,47.1053,-104.7125,86.49,23,0,6.91,clear sky
466,Talas,TR,38.6908,35.5538,59.67,59,0,5.75,clear sky
467,San Jeronimo,PE,-11.9472,-75.2829,51.78,55,6,6.42,clear sky
468,Am Timan,TD,11.0297,20.2827,69.85,95,89,4.41,overcast clouds
469,Tezu,IN,27.9167,96.1667,76.41,92,85,1.97,overcast clouds
470,Ramhormoz,IR,31.28,49.6035,90.12,56,95,9.84,overcast clouds
471,Orasac,BA,44.6289,16.0711,63.48,76,4,2.57,clear sky
472,Kurchum,KZ,48.5722,83.6542,70.92,50,72,4.12,broken clouds
473,Ottawa,CA,45.4112,-75.6981,76.03,60,20,9.22,few clouds
474,Buraydah,SA,26.326,43.975,93.65,15,97,9.22,overcast clouds
475,Birjand,IR,32.8663,59.2211,75.67,29,0,4.61,clear sky
476,Amahai,ID,-3.3333,128.9167,77.27,91,98,10.27,overcast clouds
477,Jibuti,DJ,11.5,42.5,83.48,50,69,6.17,light rain
478,Inhambane,MZ,-23.865,35.3833,61.59,79,1,3.91,clear sky
479,Praya,CV,14.9215,-23.5087,82.94,47,20,2.3,few clouds
480,Kjopsvik,NO,68.097,16.3742,46.27,84,78,1.63,broken clouds
481,Songjianghe,CN,42.1859,127.479,70.63,78,74,3.96,broken clouds
482,Paredon,MX,16.0333,-93.8667,82.76,79,87,2.21,overcast clouds
483,Mehamn,NO,71.0357,27.8492,48.15,81,100,8.05,overcast clouds
484,Wanxian,CN,30.8039,108.3897,81.77,77,0,3.69,clear sky
485,Guanica,PR,17.9716,-66.908,82.98,85,13,8.28,few clouds
486,Kroya,ID,-7.6331,109.2461,74.73,87,66,3.4,broken clouds
487,Los Llanos De Aridane,ES,28.6585,-17.9182,69.55,84,100,16.11,overcast clouds
488,Mandera,KE,3.9366,41.867,75.31,56,14,15.32,few clouds
489,Ponta Do Sol,PT,32.6667,-17.1,74.03,80,1,2.64,clear sky
490,Whitehorse,CA,60.7161,-135.0538,65.17,55,75,4.61,broken clouds
491,Aklavik,CA,68.2191,-135.0107,48.36,74,100,3.38,overcast clouds
492,Dafeng,CN,23.4517,108.5881,81.84,73,100,1.21,overcast clouds
493,Dunedin,NZ,-45.8742,170.5036,47.8,69,71,8.01,broken clouds
494,Carballo,ES,43.213,-8.691,65.01,88,30,2.26,scattered clouds
495,Peterhead,GB,57.5058,-1.7981,57.6,92,78,10.71,broken clouds
496,Ciudad Bolivar,VE,8.1222,-63.5497,84.96,58,87,4.29,overcast clouds
497,Delta,NG,5.5,6.0,72.82,97,100,2.53,overcast clouds
498,Saint-Pierre,RE,-21.3393,55.4781,65.88,72,0,6.91,clear sky
499,Mackay,AU,-21.15,149.2,68.68,71,98,10.96,overcast clouds
500,Mineiros,BR,-17.5694,-52.5511,67.69,33,5,4.72,clear sky
501,Lagos,NG,6.5833,3.75,74.93,87,100,5.14,overcast clouds
502,Shaunavon,CA,49.6501,-108.4181,80.06,25,0,3.76,clear sky
503,Manta,EC,-0.95,-80.7333,74.98,83,100,5.75,overcast clouds
504,Oistins,BB,13.0667,-59.5333,80.69,74,40,13.8,scattered clouds
505,Gueret,FR,46.1667,1.8667,59.52,59,98,1.81,overcast clouds
506,Sinnamary,GF,5.3833,-52.95,77.67,87,91,6.31,overcast clouds
507,Starosubkhangulovo,RU,53.1031,57.4423,53.78,87,71,3.38,broken clouds
508,Kazerun,IR,29.6195,51.6541,80.15,76,99,2.46,overcast clouds
509,Tarata,BO,-17.6167,-66.0167,62.02,58,90,5.86,overcast clouds
510,Atikokan,CA,48.7555,-91.6216,61.65,67,79,8.68,broken clouds
511,Kutum,SD,14.2,24.6667,76.84,53,100,6.82,overcast clouds
512,Jiamusi,CN,46.8333,130.35,79.3,69,100,8.41,overcast clouds
513,Amapa,BR,1.0,-52.0,71.55,96,99,1.72,moderate rain
514,Orlik,RU,52.5178,99.825,49.3,89,100,1.03,overcast clouds
515,Tabou,CI,4.423,-7.3528,74.3,76,76,9.06,broken clouds
516,Vanimo,PG,-2.6741,141.3028,81.91,76,34,7.31,scattered clouds
517,Kathu,TH,7.9178,98.3332,86.7,86,70,6.33,broken clouds
518,Sorland,NO,67.667,12.6934,53.46,87,53,18.07,broken clouds
519,Rybinsk,RU,58.0446,38.8426,62.08,98,100,8.79,overcast clouds
520,Ambon,ID,-3.6954,128.1814,80.74,83,40,9.22,light rain
521,Uvinza,TZ,-5.1036,30.3911,72.66,55,84,1.86,broken clouds
522,Ceres,US,37.5949,-120.9577,100.72,26,0,8.05,clear sky
523,Prachatice,CZ,49.0129,13.9975,66.25,74,87,2.08,overcast clouds
524,Nizhniy Tsasuchey,RU,50.5167,115.1333,62.22,74,74,9.17,broken clouds
525,Takhli,TH,15.2634,100.3438,79.95,79,100,5.77,overcast clouds
526,Najran,SA,17.4924,44.1277,86.65,40,34,1.86,scattered clouds
527,Hailar,CN,49.2,119.7,70.65,60,1,7.02,clear sky
528,Kuryk,KZ,43.2,51.65,75.79,66,0,7.14,clear sky
529,Basoko,CD,1.2391,23.616,70.14,96,100,3.56,overcast clouds
530,Buckingham,GB,51.9997,-0.9878,61.72,53,99,1.01,overcast clouds
531,Bristol,US,41.8334,-71.1662,80.15,78,100,5.99,overcast clouds
532,Bandar-E Lengeh,IR,26.5579,54.8807,87.91,70,0,11.5,clear sky
533,Chapleau,CA,47.8405,-83.4034,59.09,82,75,10.36,broken clouds
534,Puerto Narino,CO,-3.7703,-70.3831,73.36,95,81,3.02,broken clouds
535,Clyde River,CA,70.4692,-68.5914,37.63,100,100,9.22,light rain
536,Corner Brook,CA,48.9667,-57.9484,57.36,84,93,4.47,overcast clouds
537,Roma,US,43.2128,-75.4557,77.14,76,100,4.61,overcast clouds
538,Kamskiye Polyany,RU,55.4307,51.4171,59.81,81,60,4.9,broken clouds
539,Rocha,UY,-34.4833,-54.3333,48.79,80,98,16.89,overcast clouds
540,Rundu,NA,-17.9333,19.7667,55.27,35,28,5.26,scattered clouds
541,Santarem,BR,-2.4431,-54.7083,77.13,94,0,3.44,clear sky
542,Kruisfontein,ZA,-34.0033,24.7314,59.52,55,0,10.22,clear sky
543,Balaipungut,ID,1.05,101.2833,75.74,97,94,3.0,overcast clouds
544,Sampit,ID,-2.5333,112.95,75.7,96,75,2.3,broken clouds
545,Nemuro,JP,43.3236,145.575,61.57,89,70,2.24,broken clouds
546,Prince Rupert,CA,54.3161,-130.3201,67.69,77,0,5.75,clear sky
547,Mnogovershinnyy,RU,53.9353,139.9242,71.02,55,47,3.42,scattered clouds
548,Emerald,AU,-23.5333,148.1667,60.35,56,2,11.92,clear sky
549,Rancho Palos Verdes,US,33.7445,-118.387,86.05,77,40,18.41,scattered clouds
550,Palmer,US,42.1584,-72.3287,81.77,80,100,10.36,very heavy rain
551,Vao,NC,-22.6667,167.4833,69.93,63,78,11.56,broken clouds
552,Cidreira,BR,-30.1811,-50.2056,56.01,93,100,22.57,moderate rain
553,Ambagarh Chauki,IN,20.7833,80.7167,76.46,87,99,5.46,overcast clouds
554,Perur,IN,10.9667,76.9,74.89,94,20,0.0,mist
555,Mount Isa,AU,-20.7333,139.5,65.97,24,0,18.41,clear sky
556,Uarini,BR,-2.99,-65.1083,78.06,67,43,1.57,scattered clouds
557,Itoman,JP,26.1247,127.6694,87.82,74,40,10.36,scattered clouds
558,Rastolita,RO,46.9726,24.9929,62.53,93,99,5.03,overcast clouds
559,Barcelona,ES,41.3888,2.159,79.32,85,40,4.61,scattered clouds
560,Pimenta Bueno,BR,-11.6725,-61.1936,76.73,39,40,3.22,scattered clouds
561,Ust-Nera,RU,64.5667,143.2,68.72,45,96,6.06,overcast clouds
562,Gap,FR,44.6667,6.0,52.83,60,43,3.51,scattered clouds
563,Batticaloa,LK,7.7102,81.6924,76.71,91,100,7.63,moderate rain
564,Turayf,SA,31.6725,38.6637,80.85,19,0,13.8,clear sky
565,Hay River,CA,60.8156,-115.7999,62.58,88,100,8.05,overcast clouds
566,Smithers,CA,54.7804,-127.1743,89.92,25,20,10.36,few clouds
567,Muromtsevo,RU,56.3724,75.2418,58.75,90,92,10.18,light rain
568,Gumdag,TM,39.2061,54.5906,81.41,61,13,10.96,few clouds
569,Ushtobe,KZ,45.2514,77.9838,75.11,48,33,8.05,scattered clouds
570,Nyagan,RU,62.1406,65.3936,55.63,70,0,1.43,clear sky
571,Ko Samui,TH,9.5357,99.9357,80.51,94,20,0.0,few clouds
572,Huescar,ES,37.811,-2.5412,73.11,47,0,0.78,clear sky
573,Gorontalo,ID,0.5412,123.0595,76.05,96,88,3.67,overcast clouds
574,Kudahuvadhoo,MV,2.6708,72.8944,82.33,72,62,12.57,broken clouds
575,Pompeu,BR,-19.2244,-44.9353,63.25,46,11,2.64,few clouds
576,Kribi,CM,2.95,9.9167,74.95,89,100,9.6,light rain
577,Belyy Yar,RU,53.6039,91.3903,60.69,83,0,2.24,clear sky
578,Kununurra,AU,-15.7667,128.7333,73.38,31,11,4.61,few clouds
579,Palmas,BR,-10.2128,-48.3603,73.27,60,0,6.91,clear sky
580,Chirongui,YT,-12.9319,45.1483,69.73,75,4,7.96,clear sky
581,Kenora,CA,49.8167,-94.4337,66.78,77,75,5.75,broken clouds
582,Vilyuysk,RU,63.7553,121.6247,79.21,53,10,7.34,clear sky
583,Bandarbeyla,SO,9.4942,50.8122,76.05,81,35,26.8,scattered clouds
584,Kahului,US,20.8947,-156.47,87.82,45,20,19.57,few clouds
585,Gizo,SB,-8.103,156.8419,83.39,71,62,8.43,broken clouds
586,Viransehir,TR,37.2353,39.7631,86.86,13,0,7.31,clear sky
587,Petropavlovka,RU,50.6114,105.3196,58.78,76,34,1.45,scattered clouds
588,Roald,NO,62.5833,6.1333,56.75,87,0,3.44,clear sky
589,Elkton,US,39.6068,-75.8333,84.11,84,75,7.38,broken clouds
590,Marawi,PH,7.9986,124.2928,75.15,80,100,2.68,overcast clouds
591,Coahuayana,MX,18.7333,-103.6833,80.74,79,97,4.45,overcast clouds
592,Yerbogachen,RU,61.2767,108.0108,68.0,79,85,3.47,overcast clouds
593,Pilar,BR,-9.5972,-35.9567,73.33,96,32,1.66,scattered clouds
594,Hamilton,US,39.1834,-84.5333,83.86,64,0,5.75,clear sky
595,Madras,IN,13.0878,80.2785,83.97,87,20,4.61,mist
596,Riviere-Au-Renard,CA,48.9957,-64.3971,66.49,83,86,9.78,overcast clouds
597,Calama,CL,-22.4667,-68.9333,59.49,9,0,4.61,clear sky
598,Okhotsk,RU,59.3833,143.3,64.02,76,8,4.88,clear sky
599,Tandalti,SD,13.0167,31.8667,79.43,70,99,12.41,light rain
600,Feltre,IT,46.0235,11.907,74.17,87,96,8.01,heavy intensity rain
601,Robertsport,LR,6.7533,-11.3686,76.1,74,60,12.37,broken clouds
602,Magadan,RU,59.5667,150.8,52.54,98,100,5.95,moderate rain
603,Nan,TH,18.8333,100.6667,75.22,94,0,0.0,clear sky
604,Gualdo Tadino,IT,43.2317,12.781,71.62,90,23,2.26,few clouds
605,Joshimath,IN,30.5667,79.5667,69.19,93,99,0.6,overcast clouds
606,Huarmey,PE,-10.0681,-78.1522,62.47,84,44,11.18,scattered clouds
607,Ewa Beach,US,21.3156,-158.0072,87.75,55,20,17.27,few clouds
608,Lodja,CD,-3.4833,23.4333,73.47,76,96,3.47,overcast clouds
609,Kyren,RU,51.6828,102.1408,58.41,82,65,0.85,light rain
610,Alugan,PH,12.2188,125.4808,79.74,89,100,5.73,light rain
611,Komatipoort,ZA,-25.4332,31.9548,54.05,95,1,2.3,clear sky
612,Wewak,PG,-3.5534,143.6268,80.71,82,89,7.23,overcast clouds
613,Medicine Hat,CA,50.0501,-110.6683,90.03,23,20,8.05,few clouds
614,Chalmette,US,29.9427,-89.9634,85.05,70,0,4.61,clear sky
615,Hammerfest,NO,70.6634,23.6821,50.45,71,100,10.36,overcast clouds
616,Kushmurun,KZ,52.4503,64.6311,58.57,95,100,9.71,light rain
617,Neryungri,RU,56.6709,124.6491,64.33,90,100,5.1,light rain
618,Riyadh,SA,24.6877,46.7219,89.74,34,100,6.31,overcast clouds
619,Aquiraz,BR,-3.9014,-38.3911,80.69,87,62,10.22,broken clouds
620,Aranos,NA,-24.1333,19.1167,61.16,23,81,6.22,broken clouds
621,Sweetwater,US,25.7634,-80.3731,85.01,76,20,11.5,few clouds
622,Turukhansk,RU,65.8167,87.9833,56.41,69,0,13.15,clear sky
623,Kargopol,RU,61.5071,38.9456,61.61,98,100,8.97,overcast clouds
624,Auki,SB,-8.7676,160.7034,84.83,63,16,3.51,few clouds
625,Solnechnyy,RU,50.7214,136.6319,73.89,81,100,3.83,overcast clouds
626,Lucapa,AO,-8.4192,20.7447,65.82,36,82,2.57,broken clouds
627,Nuuk,GL,64.1835,-51.7216,47.01,81,100,3.0,light shower snow
628,Teguldet,RU,57.3064,88.1667,61.39,83,57,2.39,broken clouds
629,Coquimbo,CL,-29.9533,-71.3436,55.13,94,0,3.44,clear sky
630,Bolu,TR,40.6667,31.5833,64.56,60,0,1.59,clear sky
631,Anchorage,US,61.2181,-149.9003,73.85,40,0,8.05,clear sky
632,Bucerias,MX,20.75,-105.3333,85.98,66,75,9.22,broken clouds
633,Acapulco,MX,16.8634,-99.8901,85.82,62,40,4.61,scattered clouds
634,California City,US,35.1258,-117.9859,103.86,15,0,14.97,clear sky
635,Miramar,US,25.9873,-80.2323,85.01,76,40,12.66,scattered clouds
636,Veraval,IN,20.9,70.3667,80.11,83,89,7.14,overcast clouds
637,Port Keats,AU,-14.25,129.55,75.58,38,96,10.09,overcast clouds
638,Aykhal,RU,66.0,111.5,75.54,49,17,8.95,few clouds
639,Tulum,MX,20.2167,-87.4667,82.94,75,49,8.1,scattered clouds
640,Bhuj,IN,23.2667,69.6667,80.55,77,50,9.98,scattered clouds
641,Emborion,GR,40.4833,21.55,66.56,71,25,1.14,scattered clouds
642,Makakilo City,US,21.3469,-158.0858,86.32,55,20,17.27,few clouds
643,Kampene,CD,-3.6,26.6667,67.62,92,84,2.48,light rain
644,Abnub,EG,27.2696,31.1511,85.84,17,20,5.91,few clouds
645,Berdigestyakh,RU,62.0989,126.6992,81.05,50,1,5.28,clear sky
646,Santa Maria,BR,-29.6842,-53.8069,54.7,76,75,10.36,broken clouds
647,Montepuez,MZ,-13.1256,38.9997,60.62,79,32,4.27,scattered clouds
648,Kano,NG,12.0001,8.5167,73.49,81,100,5.59,overcast clouds
649,Pahrump,US,36.2083,-115.9839,102.49,22,1,5.01,clear sky
650,Batavia,US,41.85,-88.3126,77.92,60,40,12.66,scattered clouds
651,Arlit,NE,18.7369,7.3853,86.49,44,100,5.21,overcast clouds
652,Matagami,CA,49.7502,-77.6328,62.71,82,75,2.3,broken clouds
653,Baker City,US,44.7749,-117.8344,96.6,21,0,20.71,clear sky
654,General Roca,AR,-39.0333,-67.5833,51.89,48,1,11.36,clear sky
655,Sokolo,ML,14.7328,-6.1219,82.9,55,87,8.39,overcast clouds
656,Mlimba,TZ,-8.8,35.8167,66.25,70,22,3.71,few clouds
657,Lavrentiya,RU,65.5833,-171.0,45.88,86,98,4.9,overcast clouds
658,Umm Lajj,SA,25.0213,37.2685,88.16,41,74,7.54,broken clouds
659,Nortelandia,BR,-14.4547,-56.8028,74.35,33,27,4.18,scattered clouds
660,Marovoay,MG,-16.1,46.6333,70.02,71,68,2.95,broken clouds
661,Matara,LK,5.9485,80.5353,76.86,91,100,4.9,overcast clouds
662,Severobaykalsk,RU,55.65,109.3167,48.16,100,100,1.25,light rain
663,Singleton,AU,-32.5667,151.1833,56.05,58,74,6.89,broken clouds
664,Opuwo,NA,-18.0607,13.84,58.33,39,76,3.87,broken clouds
665,Bacabal,BR,-4.2917,-44.7917,76.39,74,51,4.09,broken clouds
666,Gaoual,GN,11.75,-13.2,73.92,94,50,4.54,scattered clouds
667,Lovozero,RU,68.005,35.0117,48.72,83,100,6.67,overcast clouds
668,Yuncheng,CN,35.0231,110.9928,78.75,75,16,4.94,few clouds
669,Ayagoz,KZ,47.9714,80.4392,69.78,43,39,8.46,scattered clouds
670,Popondetta,PG,-8.7537,148.2534,85.66,62,54,2.06,broken clouds
671,Jadu,LY,31.953,12.0261,78.98,32,0,9.71,clear sky
